"ltable_id","rtable_id","ltable_name","ltable_description","ltable_price","rtable_name","rtable_description","rtable_price","gold","_id"
677,237,"TomTom ONE 130S Car GPS Navigation System - 1EE005202","TomTom ONE 130S Car GPS Navigation System - 1EE005202/ 3.5' LCD Anti-Glare Touch Screen/ Pre-Installed Maps/ Internal Lithium-Ion Battery/ Car Speed Linked Volume/ Automatic Day/Night Mode/ QuickGPSfix/ Text-To-Speech Included","$246.95","Directed Electronics SUPV1 Car Kit","Sirius Satellite Radio Receiver","_",0,329
726,262,"Kensington Mini Battery Pack And Charger For iPhone And iPod - K33442US","Kensington Mini Battery Pack And Charger For iPhone And iPod - K33442US/ Includes Retractable USB Charging Cable/ High-Capacity, Rechargeable Lithium-Ion Polymer Battery Pack/ LED Battery Meter/ Cap Converts Into A Kickstand/ Black Finish","_","Monster Game 127961 GameLink(tm) 2M HDMI Digital Video/Audio Cable for PS3","_","$45.79",0,330
588,705,"Panasonic Black 1080p Up-Conversion DVD Recorder - DMREZ28K","Panasonic Black 1080p Up-Conversion DVD Recorder - DMREZ28K/ Digital Tuner And 1080p Up-Conversion/ Simple Recording And Playback With VIERA Link/ Digital Camera Connection With SD Memory Card And USB Cable/ Super Multi Format Recording And Playback/ DivX Playback/ Auto Drive Select/ Black Finish","_","Panasonic SC-PT760 Home Theater System","Panasonic SC-PT760 Premium Sound DVD Home Theater System with Kelton Subwoofer","$319.97",0,331
582,676,"Toshiba White 19' LCD HDTV DVD Combo - 19LV506","Toshiba White 19' LCD HDTV DVD Combination - 19LV506/ 19' Diagonal Widescreen TFT LCD Display/ Built-In Slot Loading DVD Player/ Built-In ATSC/NTSC/QAM digital Tuner/ Official DivX Certified/ PC Input/ JPEG Viewer/ White Finish","_","Sharp LC26DV24U 26' TV/DVD Combo","Sharp LC-26DV24U - 26' Widescreen TV/DVD Combo HDTV - 800:1 Contrast Ratio - 8ms Response Time - Piano Black","$508.72",0,332
55,567,"Sony Turntable - PSLX350H","Sony Turntable - PSLX350H/ Belt Drive System/ 33-1/3 and 45 RPM Speeds/ Servo Speed Control/ Supplied Moving Magnet Phono Cartridge/ Bonded Diamond Stylus/ Static Balance Tonearm/ Pitch Control","_","Sony Handycam DCR-SR85 Digital Camcorder - DCRSR85","16:9 - 2.7' Hybrid LCD","$375.80",0,333
316,321,"Weber Genesis E-310 Liquid Propane Black Outdoor Grill - 3741001","Weber Genesis E-310 Liquid Propane Black Outdoor Grill - 3741001/ 3 Stainless Steel Burners/ 42,000 BTU Per-Hour Input/ Electronic Crossover Ignition System/ Porcelain Enameled Cast Iron Cooking Grates/ 2 Stainless Steel Work Surfaces/ Center Mounted Thermometer/ Cast Aluminum End Caps/ Black Finish/ Liquid Propane Model (LP Tank Not Included)/ Assembly Required","$699.00","Weber Genesis Series E-310 3841001 60' Freestanding Gas Grill with 637 sq. in. Cooking Surface & 3 Stainless Steel Burners: Black Natural Gas","_","$679.61",0,334
775,1051,"LG 5.6 Cu. Ft. White Freestanding Electric Range - LRE30453WH","LG 5.6 Cu. Ft. White Freestanding Electric Range - LRE30453WH/ IntuiTouch Control System/ EvenJet Convection System/ 5.6 Cubic Capacity/ Wideview Oven Window/ 5 Radiant Elements/ 25 Heating Settings/ White Finish","_","LG 42LG30 42' LCD TV","LG 42LG30 42' LCD HDTV - 12,000:1 Dynamic Contrast Ratio - Invisible Speaker","_",0,335
925,778,"Nikon Pink 10 Megapixel COOLPIX Digital Camera - COOLPIXS60PNK","Nikon Pink 10 Megapixel COOLPIX Digital Camera - COOLPIXS60PNK/ 10 Effective Megapixels/ 5x Zoom-NIKKOR Lens/ 3.5' Wide Touch Screen High-Resolution LCD/ Portrait One-Touch Zoom/ Scene Auto Selector/ Smile Timer/ Face-Priority AF/ In-Camera Red-Eye Fix/ D-Lighting/ Champagne Pink Finish","_","Sony Cyber-shot DSC-W150 Digital Camera - Red - DSCW150R","8.1 Megapixel - 16:9 - 2x Digital Zoom - 2.7' Active Matrix TFT Color LCD","$139.94",0,336
47,635,"Sanus 13' - 30' VisionMount Flat Panel TV Silver Wall Mount - VMFS","Sanus 13' - 30' VisionMount Flat Panel TV Silver Wall Mount - VMFS/ Supports Up To 40 lbs/ Easy To Install/ Fingertip Virtual Axis Tilting System/ Silver Finish","$39.99","Samsung LN46A650 46' LCD TV","Samsung LN46A650 - 46' 1080p LCD HDTV - 50,000:1 Dynamic Contrast Ratio - 120Hz - 4ms Response Time","$1,599.98",0,337
688,275,"Samsung 32' Series 5 LCD Black Flat Panel HDTV - LN32A550","Samsung 32' Series 5 LCD Black Flat Panel HDTV - LN32A550/ Full 1080p High Definition Resolution/ 16:9 Widescreen Aspect Ratio/ 30,000:1 Dynamic Contrast Ratio/ 5ms Response Time/ SRS TruSurround XT Audio/ Built-In Digital Tuner (ATSC/Clear QAM)/ Picture-In-Picture/ Sound Leveler/ 3 HDMI Slots/ Swivel Stand/ Black Finish","_","ABS48 Wood TV Stand (Avalon Series, 48-in. Max)","_","_",0,338
5,5,"Netgear Prosafe 16 Port 10/100 Rackmount Switch - Black Finish - JFS516NA","Netgear Prosafe 16 Port 10/100 Rackmount Switch - JFS516NA/ Sixteen Switched Ports Provide Private Bandwidth For PCs, Servers Or Hubs/ Store-And-Forward Packet Switching/ Compatible With All Major Network Software/ Auto Detects Speed And Duplex/ Black Finish","$131.00","Netgear ProSafe JFS516 Ethernet Switch","Netgear ProSafe 16 Port 10/100 Rackmount Switch- JFS516NA","",1,339
12,12,"Linksys Wireless-G Ethernet Bridge - WET54G","Linksys Wireless-G Ethernet Bridge - WET54G/ Converts Wired-Ethernet Devices To Wireless-G Network Connectivity/ For Windows, Macintosh, Linux, PlayStation Consoles, Xbox Consoles, Or Anything With An Ethernet Port/ Plug And Play, No Driver Installation Require","$89.00","Linksys G Wireless-G WET54G Wireless Bridge","54Mbps - 1 x 10/100Base-TX","",1,340
16,16,"Logitech Driving Force Pro Steering Wheel With Pedals Set For Sony Playstation 2 - 9632930403","Logitech Driving Force Pro Steering Wheel With Pedals Set For Sony Playstation 2 - 9632930403/ Comfortable Soft Full Rubber Wheel/ Realistically Turn Through 2.5 Times Wheel Rotation/ 900 Degrees Of wheel Steering/ State-Of-The-Art Force Feedback Technology/ Stick Shifter/ Responsive Gas And Brake Pedals/ Black Finish","$129.00","Logitech Driving Force Pro for PlayStation 2 - 963293-0403","","",1,341
17,17,"Belkin AC Anywhere - F5C400300W","Belkin AC Anywhere - F5C400300W/ Mobile Power Adapter For Your Vehicle/ Powers Portable Devices Using A 300-Watt Power Inverter/ 2 AC Outlets/ Converts DC Power To AC Power From A Cigarette Lighter Socket/ Automatic Overheat Shut-Off/ Low-Battery Alarm/ Overload Protection/ Replaceable Fuse Included/ Power LED Indicator","","Belkin AC Anywhere 300W Power Inverter - F5C400-300W","Input Voltage:12V DC - Output Voltage:110V AC - 300W Stepped Sine Wave","",1,342
29,29,"Sony PlayStation 2 8MB Memory Card (2 Pack) - Red/Blue Finish - 711719706700","Sony PlayStation 2 8MB Memory Card (2 Pack) - 711719706700/ Save And Load High Scores, Positions And Replays/ MagicGate Encryption/ Red/Blue Finish","$34.99","SONY 7-11719-70670-0 PS2 8 MB Memory Card 2-pk - 97067","","",1,343
30,30,"Sony PlayStation 2 DUALSHOCK 2 Analog Controller - Emerald Finish - 711719706205","Sony PlayStation 2 DUALSHOCK 2 Analog Controller - 711719706205/ Analog Pressure Sensitivity On All Action Buttons/ Built-In DUALSHOCK Vibration Function/ Twin Analog Control Sticks/ Intelligent Self-Calibrating Analog System/ Emerald Finish","$24.99","PlayStation 2 DUALSHOCK Analog Controller - Green","","",1,344
32,32,"Sennheiser Rechargeable Nickel-Metal Hydride Battery - BA151","Sennheiser Rechargeable Nickel-Metal Hydride Battery - BA151/ Rechargeable Battery For Wireless Sennheiser Headphones","$20.00","Sennheiser Nickel metal hydride Battery for Headsets - BA-151","Nickel-Metal Hydride (NiMH) - 2.4V DC - Headset Battery","$14.34",1,345
40,40,"Omnimount Wall Speaker Mount - 20WLBK","Omnimount Wall Speaker Mount - 20WLBK/ Stainless Steel Shafts And All Necessary Hardware Included/ Supports Speakers Up To 20 lbs./ Sold As Single / Black Finish","$39.95","OmniMount Universal Wall Speaker Mounting Kit - 20.0 WALL-B","Stainless Steel - 20 lb","$24.34",1,346
42,42,"Sanus Euro Foundations Satellite Speaker Stand - EFSATS","Sanus Euro Foundations Satellite Speaker Stand - EFSATS/ Sturdy Base/ Adjustable Pillar And Floor Spikes/ Includes Three Different Speaker Mounting Methods/ Contemporary European Design/ Satin Powder-Coated Silver Finish/ Priced Per Pair","$79.99","Sanus Euro Foundation Series III Speaker Stand - EFSATSIII","Steel - Silver","",1,347
57,57,"Panasonic Hands Free Headset  - KXTCA92","Panasonic Hands Free Headset - KXTCA92/ Comfort Fit With Fold Design/ Noise Cancelling Microphone/ Volume Control/ Mute/ Standard 2.5mm Connection","$25.00","Panasonic KX-TCA92 Headset","Over-the-head","$18.42",1,348
